0,1,2,3,4,5,6,7,8,9,10,11,12,13,14,15
2007-06-18,2007-06-25,2007-07-02,2007-07-09,2007-07-16,2007-07-23,2007-07-30,2007-08-06,2007-08-13,2007-08-20,2007-08-27,2007-09-03,2007-09-10,2007-09-17,2007-09-24,2007-10-01
2007-06-25,2007-07-02,2007-07-09,2007-07-16,2007-07-23,2007-07-30,2007-08-06,2007-08-13,2007-08-20,2007-08-27,2007-09-03,2007-09-10,2007-09-17,2007-09-24,2007-10-01,2007-10-08
2007-07-02,2007-07-09,2007-07-16,2007-07-23,2007-07-30,2007-08-06,2007-08-13,2007-08-20,2007-08-27,2007-09-03,2007-09-10,2007-09-17,2007-09-24,2007-10-01,2007-10-08,2007-10-15
2007-07-09,2007-07-16,2007-07-23,2007-07-30,2007-08-06,2007-08-13,2007-08-20,2007-08-27,2007-09-03,2007-09-10,2007-09-17,2007-09-24,2007-10-01,2007-10-08,2007-10-15,2007-10-22
2007-07-16,2007-07-23,2007-07-30,2007-08-06,2007-08-13,2007-08-20,2007-08-27,2007-09-03,2007-09-10,2007-09-17,2007-09-24,2007-10-01,2007-10-08,2007-10-15,2007-10-22,2007-10-29
2007-07-23,2007-07-30,2007-08-06,2007-08-13,2007-08-20,2007-08-27,2007-09-03,2007-09-10,2007-09-17,2007-09-24,2007-10-01,2007-10-08,2007-10-15,2007-10-22,2007-10-29,2007-11-05
2007-07-30,2007-08-06,2007-08-13,2007-08-20,2007-08-27,2007-09-03,2007-09-10,2007-09-17,2007-09-24,2007-10-01,2007-10-08,2007-10-15,2007-10-22,2007-10-29,2007-11-05,2007-11-12
2007-08-06,2007-08-13,2007-08-20,2007-08-27,2007-09-03,2007-09-10,2007-09-17,2007-09-24,2007-10-01,2007-10-08,2007-10-15,2007-10-22,2007-10-29,2007-11-05,2007-11-12,2007-11-19
2007-08-13,2007-08-20,2007-08-27,2007-09-03,2007-09-10,2007-09-17,2007-09-24,2007-10-01,2007-10-08,2007-10-15,2007-10-22,2007-10-29,2007-11-05,2007-11-12,2007-11-19,2007-11-26
2007-08-20,2007-08-27,2007-09-03,2007-09-10,2007-09-17,2007-09-24,2007-10-01,2007-10-08,2007-10-15,2007-10-22,2007-10-29,2007-11-05,2007-11-12,2007-11-19,2007-11-26,2007-12-03
2007-08-27,2007-09-03,2007-09-10,2007-09-17,2007-09-24,2007-10-01,2007-10-08,2007-10-15,2007-10-22,2007-10-29,2007-11-05,2007-11-12,2007-11-19,2007-11-26,2007-12-03,2007-12-10
2007-09-03,2007-09-10,2007-09-17,2007-09-24,2007-10-01,2007-10-08,2007-10-15,2007-10-22,2007-10-29,2007-11-05,2007-11-12,2007-11-19,2007-11-26,2007-12-03,2007-12-10,2007-12-17
2007-09-10,2007-09-17,2007-09-24,2007-10-01,2007-10-08,2007-10-15,2007-10-22,2007-10-29,2007-11-05,2007-11-12,2007-11-19,2007-11-26,2007-12-03,2007-12-10,2007-12-17,2007-12-24
2007-09-17,2007-09-24,2007-10-01,2007-10-08,2007-10-15,2007-10-22,2007-10-29,2007-11-05,2007-11-12,2007-11-19,2007-11-26,2007-12-03,2007-12-10,2007-12-17,2007-12-24,2007-12-31
2007-09-24,2007-10-01,2007-10-08,2007-10-15,2007-10-22,2007-10-29,2007-11-05,2007-11-12,2007-11-19,2007-11-26,2007-12-03,2007-12-10,2007-12-17,2007-12-24,2007-12-31,2008-01-07
2007-10-01,2007-10-08,2007-10-15,2007-10-22,2007-10-29,2007-11-05,2007-11-12,2007-11-19,2007-11-26,2007-12-03,2007-12-10,2007-12-17,2007-12-24,2007-12-31,2008-01-07,2008-01-14
2007-10-08,2007-10-15,2007-10-22,2007-10-29,2007-11-05,2007-11-12,2007-11-19,2007-11-26,2007-12-03,2007-12-10,2007-12-17,2007-12-24,2007-12-31,2008-01-07,2008-01-14,2008-01-21
2007-10-15,2007-10-22,2007-10-29,2007-11-05,2007-11-12,2007-11-19,2007-11-26,2007-12-03,2007-12-10,2007-12-17,2007-12-24,2007-12-31,2008-01-07,2008-01-14,2008-01-21,2008-01-28
2007-10-22,2007-10-29,2007-11-05,2007-11-12,2007-11-19,2007-11-26,2007-12-03,2007-12-10,2007-12-17,2007-12-24,2007-12-31,2008-01-07,2008-01-14,2008-01-21,2008-01-28,2008-02-04
2007-10-29,2007-11-05,2007-11-12,2007-11-19,2007-11-26,2007-12-03,2007-12-10,2007-12-17,2007-12-24,2007-12-31,2008-01-07,2008-01-14,2008-01-21,2008-01-28,2008-02-04,2008-02-11
2007-11-05,2007-11-12,2007-11-19,2007-11-26,2007-12-03,2007-12-10,2007-12-17,2007-12-24,2007-12-31,2008-01-07,2008-01-14,2008-01-21,2008-01-28,2008-02-04,2008-02-11,2008-02-18
2007-11-12,2007-11-19,2007-11-26,2007-12-03,2007-12-10,2007-12-17,2007-12-24,2007-12-31,2008-01-07,2008-01-14,2008-01-21,2008-01-28,2008-02-04,2008-02-11,2008-02-18,2008-02-25
2007-11-19,2007-11-26,2007-12-03,2007-12-10,2007-12-17,2007-12-24,2007-12-31,2008-01-07,2008-01-14,2008-01-21,2008-01-28,2008-02-04,2008-02-11,2008-02-18,2008-02-25,2008-03-03
2007-11-26,2007-12-03,2007-12-10,2007-12-17,2007-12-24,2007-12-31,2008-01-07,2008-01-14,2008-01-21,2008-01-28,2008-02-04,2008-02-11,2008-02-18,2008-02-25,2008-03-03,2008-03-10
2007-12-03,2007-12-10,2007-12-17,2007-12-24,2007-12-31,2008-01-07,2008-01-14,2008-01-21,2008-01-28,2008-02-04,2008-02-11,2008-02-18,2008-02-25,2008-03-03,2008-03-10,2008-03-17
2007-12-10,2007-12-17,2007-12-24,2007-12-31,2008-01-07,2008-01-14,2008-01-21,2008-01-28,2008-02-04,2008-02-11,2008-02-18,2008-02-25,2008-03-03,2008-03-10,2008-03-17,2008-03-24
2007-12-17,2007-12-24,2007-12-31,2008-01-07,2008-01-14,2008-01-21,2008-01-28,2008-02-04,2008-02-11,2008-02-18,2008-02-25,2008-03-03,2008-03-10,2008-03-17,2008-03-24,2008-03-31
2007-12-24,2007-12-31,2008-01-07,2008-01-14,2008-01-21,2008-01-28,2008-02-04,2008-02-11,2008-02-18,2008-02-25,2008-03-03,2008-03-10,2008-03-17,2008-03-24,2008-03-31,2008-04-07
2007-12-31,2008-01-07,2008-01-14,2008-01-21,2008-01-28,2008-02-04,2008-02-11,2008-02-18,2008-02-25,2008-03-03,2008-03-10,2008-03-17,2008-03-24,2008-03-31,2008-04-07,2008-04-14
2008-01-07,2008-01-14,2008-01-21,2008-01-28,2008-02-04,2008-02-11,2008-02-18,2008-02-25,2008-03-03,2008-03-10,2008-03-17,2008-03-24,2008-03-31,2008-04-07,2008-04-14,2008-04-21
2008-01-14,2008-01-21,2008-01-28,2008-02-04,2008-02-11,2008-02-18,2008-02-25,2008-03-03,2008-03-10,2008-03-17,2008-03-24,2008-03-31,2008-04-07,2008-04-14,2008-04-21,2008-04-28
2008-01-21,2008-01-28,2008-02-04,2008-02-11,2008-02-18,2008-02-25,2008-03-03,2008-03-10,2008-03-17,2008-03-24,2008-03-31,2008-04-07,2008-04-14,2008-04-21,2008-04-28,2008-05-05
2008-01-28,2008-02-04,2008-02-11,2008-02-18,2008-02-25,2008-03-03,2008-03-10,2008-03-17,2008-03-24,2008-03-31,2008-04-07,2008-04-14,2008-04-21,2008-04-28,2008-05-05,2008-05-12
2008-02-04,2008-02-11,2008-02-18,2008-02-25,2008-03-03,2008-03-10,2008-03-17,2008-03-24,2008-03-31,2008-04-07,2008-04-14,2008-04-21,2008-04-28,2008-05-05,2008-05-12,2008-05-19
2008-02-11,2008-02-18,2008-02-25,2008-03-03,2008-03-10,2008-03-17,2008-03-24,2008-03-31,2008-04-07,2008-04-14,2008-04-21,2008-04-28,2008-05-05,2008-05-12,2008-05-19,2008-05-26
2008-02-18,2008-02-25,2008-03-03,2008-03-10,2008-03-17,2008-03-24,2008-03-31,2008-04-07,2008-04-14,2008-04-21,2008-04-28,2008-05-05,2008-05-12,2008-05-19,2008-05-26,2008-06-02
2008-02-25,2008-03-03,2008-03-10,2008-03-17,2008-03-24,2008-03-31,2008-04-07,2008-04-14,2008-04-21,2008-04-28,2008-05-05,2008-05-12,2008-05-19,2008-05-26,2008-06-02,2008-06-09
2008-03-03,2008-03-10,2008-03-17,2008-03-24,2008-03-31,2008-04-07,2008-04-14,2008-04-21,2008-04-28,2008-05-05,2008-05-12,2008-05-19,2008-05-26,2008-06-02,2008-06-09,2008-06-16
2008-03-10,2008-03-17,2008-03-24,2008-03-31,2008-04-07,2008-04-14,2008-04-21,2008-04-28,2008-05-05,2008-05-12,2008-05-19,2008-05-26,2008-06-02,2008-06-09,2008-06-16,2008-06-23
2008-03-17,2008-03-24,2008-03-31,2008-04-07,2008-04-14,2008-04-21,2008-04-28,2008-05-05,2008-05-12,2008-05-19,2008-05-26,2008-06-02,2008-06-09,2008-06-16,2008-06-23,2008-06-30
2008-03-24,2008-03-31,2008-04-07,2008-04-14,2008-04-21,2008-04-28,2008-05-05,2008-05-12,2008-05-19,2008-05-26,2008-06-02,2008-06-09,2008-06-16,2008-06-23,2008-06-30,2008-07-07
2008-03-31,2008-04-07,2008-04-14,2008-04-21,2008-04-28,2008-05-05,2008-05-12,2008-05-19,2008-05-26,2008-06-02,2008-06-09,2008-06-16,2008-06-23,2008-06-30,2008-07-07,2008-07-14
2008-04-07,2008-04-14,2008-04-21,2008-04-28,2008-05-05,2008-05-12,2008-05-19,2008-05-26,2008-06-02,2008-06-09,2008-06-16,2008-06-23,2008-06-30,2008-07-07,2008-07-14,2008-07-21
2008-04-14,2008-04-21,2008-04-28,2008-05-05,2008-05-12,2008-05-19,2008-05-26,2008-06-02,2008-06-09,2008-06-16,2008-06-23,2008-06-30,2008-07-07,2008-07-14,2008-07-21,2008-07-28
2008-04-21,2008-04-28,2008-05-05,2008-05-12,2008-05-19,2008-05-26,2008-06-02,2008-06-09,2008-06-16,2008-06-23,2008-06-30,2008-07-07,2008-07-14,2008-07-21,2008-07-28,2008-08-04
2008-04-28,2008-05-05,2008-05-12,2008-05-19,2008-05-26,2008-06-02,2008-06-09,2008-06-16,2008-06-23,2008-06-30,2008-07-07,2008-07-14,2008-07-21,2008-07-28,2008-08-04,2008-08-11
2008-05-05,2008-05-12,2008-05-19,2008-05-26,2008-06-02,2008-06-09,2008-06-16,2008-06-23,2008-06-30,2008-07-07,2008-07-14,2008-07-21,2008-07-28,2008-08-04,2008-08-11,2008-08-18
2008-05-12,2008-05-19,2008-05-26,2008-06-02,2008-06-09,2008-06-16,2008-06-23,2008-06-30,2008-07-07,2008-07-14,2008-07-21,2008-07-28,2008-08-04,2008-08-11,2008-08-18,2008-08-25
2008-05-19,2008-05-26,2008-06-02,2008-06-09,2008-06-16,2008-06-23,2008-06-30,2008-07-07,2008-07-14,2008-07-21,2008-07-28,2008-08-04,2008-08-11,2008-08-18,2008-08-25,2008-09-01
2008-05-26,2008-06-02,2008-06-09,2008-06-16,2008-06-23,2008-06-30,2008-07-07,2008-07-14,2008-07-21,2008-07-28,2008-08-04,2008-08-11,2008-08-18,2008-08-25,2008-09-01,2008-09-08
2008-06-02,2008-06-09,2008-06-16,2008-06-23,2008-06-30,2008-07-07,2008-07-14,2008-07-21,2008-07-28,2008-08-04,2008-08-11,2008-08-18,2008-08-25,2008-09-01,2008-09-08,2008-09-15
2008-06-09,2008-06-16,2008-06-23,2008-06-30,2008-07-07,2008-07-14,2008-07-21,2008-07-28,2008-08-04,2008-08-11,2008-08-18,2008-08-25,2008-09-01,2008-09-08,2008-09-15,2008-09-22
